Disease,Symptom,Medicine,Precaution,Tests,Treatment Duration,Disease_Description,Consultation_Description,Nutrition_Description
Acne,"blackheads, pus filled pimples, scarring, skin rash","AcneStar, Benzoyl Peroxide, Retinoid","Avoid touching face frequently, Cleanse skin gently, Use oil-free skincare products","Skin examination, Blood tests (for hormonal imbalance)",1-3 months,"A common skin condition that occurs when hair follicles become clogged with oil and dead skin cells, leading to pimples, blackheads, and cysts.",Consult a dermatologist if acne persists or worsens despite over-the-counter treatments.,"Eat a balanced diet with low dairy and sugar intake, and consume foods rich in antioxidants and omega-3 fatty acids."
AIDS,"extra marital contacts, muscle wasting, patches in throat","Kaletra, Efavirenz, Zidovudine","Use protection during sex, Regular health check-ups, Avoid contact with blood","HIV test (ELISA, Western Blot), CD4 count, Viral load test",Lifelong,"A life-threatening condition caused by the human immunodeficiency virus (HIV), which attacks the immune system and reduces the body's ability to fight infections.",Consult an infectious disease specialist for proper treatment and management.,"Maintain a nutrient-rich diet with high protein intake, and include fresh fruits and vegetables to support immunity."
Allergy,"chills, continuous sneezing, shivering, watering from eyes","Cetirizine, Loratadine, Fexofenadine","Avoid allergens, Use air purifiers, Keep windows closed during pollen season","Skin prick test, Blood tests (IgE levels)",Ongoing (seasonal or as needed),"An immune system overreaction to allergens such as pollen, dust, food, or pet dander, causing symptoms like sneezing, itching, and watery eyes.",Consult an allergist for tests and long-term management strategies.,"Consume anti-inflammatory foods such as turmeric, ginger, and vitamin C-rich fruits to reduce allergic reactions."
Arthritis,"movement stiffness, muscle weakness, painful walking, stiff neck, swelling joints","Ibuprofen, Naproxen, Diclofenac","Exercise regularly, Maintain healthy weight, Avoid prolonged inactivity","X-ray, MRI, Blood tests (Rheumatoid factor, ESR)",Ongoing (chronic condition),"A condition causing inflammation of the joints, leading to pain, stiffness, and decreased mobility.",Consult a rheumatologist for diagnosis and management strategies.,"Eat foods rich in omega-3 fatty acids, such as fish and nuts, and avoid processed foods that may trigger inflammation."
Asthma,"shortness of breath, wheezing, chest tightness, coughing, chronic coughing, phlegm production, chest discomfort","Salbutamol, Montelukast, Beclometasone","Avoid smoke and dust, Monitor breathing regularly, Keep inhaler nearby","Spirometry, Peak flow measurement, Blood tests (IgE levels)",Ongoing (chronic condition),"A chronic condition that affects the airways, causing difficulty in breathing due to inflammation and narrowing of the bronchial tubes.",Consult a pulmonologist for proper medication and breathing exercises.,"Consume foods rich in vitamin D and antioxidants, and avoid dairy and processed foods that may worsen symptoms."
Bipolar Disorder,"mood swings, manic episodes, depressive episodes","Lithium, Valproate, Quetiapine","Stay consistent with medication, Avoid alcohol, Get adequate sleep","Psychological evaluation, Blood tests (Thyroid function)",Ongoing (chronic condition),"A mental health disorder characterized by extreme mood swings, including emotional highs (mania) and lows (depression).",Consult a psychiatrist for therapy and medication management.,"Maintain a diet rich in omega-3 fatty acids, whole grains, and lean proteins to support brain health."
Breast Cancer,"lump in breast, nipple changes, skin changes, extreme thirst, blurry vision, excessive urination","Tamoxifen, Letrozole, Anastrozole","Regular mammograms, Maintain a healthy lifestyle, Avoid alcohol and smoking","Mammogram, Biopsy, Ultrasound",6-12 months (follow-up treatment may continue),A type of cancer that forms in the breast cells and can spread to other parts of the body if untreated.,Consult an oncologist for proper diagnosis and treatment options.,"Consume a diet rich in antioxidants, fiber, and healthy fats, and avoid processed meats and excessive sugar."
Bronchial Asthma,"breathlessness, cough, family history, fatigue, high fever, mucoid sputum","Albuterol, Fluticasone, Salmeterol","Avoid exposure to cold air, Limit exposure to smoke, Maintain a clean living environment","Spirometry, Chest X-ray, Peak flow measurement",Ongoing (chronic condition),"A respiratory condition that causes airway inflammation, leading to difficulty breathing and wheezing.",Consult a pulmonologist for treatment and inhaler management.,"Eat anti-inflammatory foods such as ginger, garlic, and omega-3-rich foods, and avoid dairy and processed foods."
Bronchitis,"cough, mucus production, fatigue, chest discomfort, unexplained bruising, bone fractures, joint pain","Amoxicillin, Doxycycline, Azithromycin","Stay hydrated, Avoid irritants like smoke, Take rest","Chest X-ray, Sputum culture, Pulmonary function tests",2-4 weeks,"Inflammation of the bronchial tubes, causing coughing, mucus production, and breathing difficulties.",Consult a general physician for proper antibiotics and symptom management.,"Increase fluid intake, consume honey and ginger, and avoid alcohol and processed foods."
Cervical spondylosis,"back pain, dizziness, loss of balance, neck pain, weakness in limbs","Ibuprofen, Diclofenac, Naproxen","Avoid heavy lifting, Practice proper posture, Do neck exercises","X-ray, MRI, CT scan",Ongoing (long-term management),"A degenerative condition affecting the cervical spine, leading to neck pain, stiffness, and reduced mobility.",Consult an orthopedic specialist for physiotherapy and pain management.,"Consume foods rich in calcium and vitamin D, and maintain a healthy weight to reduce strain on the spine."
Chicken pox,"fatigue, headache, high fever, lethargy, loss of appetite, malaise, mild fever, red spots over body, skin rash, swelled lymph nodes, itching","Acyclovir, Paracetamol, Calamine Lotion","Avoid scratching, Keep skin clean, Isolate from others to prevent spread","Physical examination, PCR test",1-2 weeks,"A contagious viral infection causing an itchy rash and flu-like symptoms, primarily affecting children.",Consult a general physician or pediatrician for symptomatic relief and antiviral treatment if severe.,"Eat soft, easy-to-digest foods, stay hydrated, and consume vitamin C-rich fruits to boost immunity."
Chickenpox,"itchy rash, fever, fatigue, blisters, persistent cough, wheezing, chest tightness","Acyclovir, Paracetamol, Ibuprofen","Rest at home, Keep rash clean and dry, Avoid close contact with others","Physical examination, PCR test",1-2 weeks,A highly contagious viral disease characterized by an itchy rash and flu-like symptoms.,Consult a general practitioner for supportive care and antiviral medication in severe cases.,"Stay hydrated, consume immune-boosting foods like citrus fruits, and avoid spicy or acidic foods."
Cholera,"severe diarrhea, dehydration, abdominal cramps, vomiting, rapid heart rate, sunken eyes","Oral Rehydration Solution, Ciprofloxacin, Tetracycline","Drink clean water, Wash hands regularly, Avoid contaminated food","Stool culture, Blood tests (electrolyte imbalance)",1-2 weeks,"A bacterial infection causing severe diarrhea and dehydration, often due to contaminated water or food.",Seek immediate medical attention for rehydration therapy and antibiotics.,"Consume oral rehydration salts, probiotics, and easily digestible foods like bananas and rice."
Chronic cholestasis,"abdominal pain, loss of appetite, nausea, vomiting, yellowing of eyes, yellowish skin, itching","Ursodeoxycholic Acid, Cholestyramine, Prednisolone","Avoid fatty foods, Maintain a low-fat diet, Regular liver function tests","Liver function tests, Ultrasound, MRI",2-4 weeks,"A condition involving reduced bile flow from the liver, leading to jaundice and digestive issues.",Consult a hepatologist for liver function monitoring and symptom management.,"Follow a low-fat diet, avoid alcohol, and consume fiber-rich and antioxidant-rich foods."
Chronic Obstructive Pulmonary Disease (COPD),"chronic cough, shortness of breath, wheezing, abdominal bloating, diarrhea, foul-smelling stool","Salbutamol, Tiotropium, Fluticasone","Quit smoking, Avoid respiratory irritants, Stay physically active","Spirometry, Chest X-ray, CT scan",Ongoing (chronic condition),A chronic lung disease causing airflow obstruction and breathing difficulties.,Consult a pulmonologist for medication and breathing therapy.,"Eat anti-inflammatory foods, maintain hydration, and consume omega-3-rich foods."
Colorectal Cancer,"blood in stool, weight loss, abdominal pain","Fluorouracil, Leucovorin, Oxaliplatin","Get regular screenings, Maintain a healthy diet, Exercise regularly","Colonoscopy, Biopsy, CT scan",6-12 months (follow-up treatment may continue),"A type of cancer affecting the colon or rectum, often detected through screening tests.",Consult an oncologist for treatment options including chemotherapy and surgery.,"Increase fiber intake, consume antioxidant-rich foods, and avoid red and processed meats."
Common Cold,"chest pain, chills, congestion, continuous sneezing, cough, fatigue, headache, high fever, loss of smell, malaise, muscle pain, phlegm, redness of eyes, runny nose, sinus pressure, swelled lymph nodes, throat irritation,cold","Paracetamol, Ibuprofen, Pseudoephedrine","Wash hands frequently, Rest and hydrate, Avoid contact with others","Physical examination, Nasal swab (for viral testing)",1-2 weeks,"A viral infection causing respiratory symptoms like sneezing, congestion, and cough.",Consult a general physician for symptom management and relief.,"Stay hydrated, consume warm fluids, and eat vitamin C-rich foods to boost immunity."
COVID-19,"fever, cough, shortness of breath, loss of taste/smell, fatigue","Paracetamol, Ivermectin, Remdesivir","Wear a mask, Maintain social distancing, Wash hands regularly","PCR test, Chest X-ray, Blood tests (for inflammation markers)",2-6 weeks,"A contagious viral infection affecting the respiratory system, caused by SARS-CoV-2.",Consult an infectious disease specialist for proper treatment and monitoring.,"Consume immune-boosting foods, stay hydrated, and avoid processed foods."
Crohn's Disease,"diarrhea, abdominal pain, weight loss, fatigue, unusual bleeding, dark spots, fever","Mesalamine, Prednisone, Azathioprine","Avoid trigger foods, Stay hydrated, Manage stress","Endoscopy, Colonoscopy, Blood tests (for inflammation)",Ongoing (chronic condition),A chronic inflammatory bowel disease affecting the digestive tract.,Consult a gastroenterologist for medication and dietary management.,"Eat low-residue foods, avoid dairy and fried foods, and stay hydrated."
Cushing's Syndrome,"weight gain, moon face, fatigue, high blood pressure, abdominal discomfort, bloating, gas, diarrhea","Ketoconazole, Metyrapone, Mitotane","Reduce salt intake, Regular exercise, Monitor blood pressure","Blood tests (ACTH levels, cortisol levels), CT scan, MRI","Variable (depends on the cause, from months to lifelong)",A hormonal disorder caused by prolonged exposure to high cortisol levels.,Consult an endocrinologist for hormone level monitoring and treatment.,"Reduce sodium intake, consume potassium-rich foods, and maintain a balanced diet."
Dengue,"back pain, chills, fatigue, headache, high fever, joint pain, loss of appetite, malaise, muscle pain, nausea, pain behind the eyes, red spots over body, skin rash, vomiting","Paracetamol, Ibuprofen, Diphenhydramine","Stay hydrated, Avoid mosquito bites, Rest","Dengue NS1 antigen test, Platelet count, CBC (Complete blood count)",2-3 weeks,"A mosquito-borne viral infection causing flu-like symptoms and, in severe cases, hemorrhagic fever.",Consult a physician for fever management and platelet count monitoring.,"Consume electrolyte-rich fluids, papaya leaves extract, and vitamin C-rich fruits to boost immunity."
Dengue Fever,"high fever, severe headache, joint/muscle pain, skin rash, bleeding, rash, bleeding gums, low platelet count","Paracetamol, Orals Rehydration Solution, Diphenhydramine","Rest and hydrate, Avoid mosquito exposure, Monitor platelet count","Dengue NS1 antigen test, Platelet count, CBC",2-3 weeks,A severe form of dengue with potential bleeding complications and low platelet count.,Seek immediate medical attention for supportive care and fluid replacement.,"Drink fresh juices, coconut water, and eat iron-rich foods to support platelet production."
Depression,"persistent sadness, loss of interest, fatigue, insomnia","Fluoxetine, Sertraline, Citalopram","Get enough rest, Stay active, Seek professional support","Psychological evaluation, Blood tests (Thyroid function)",6-12 months,A mental health disorder characterized by persistent sadness and loss of interest.,Consult a psychiatrist or psychologist for therapy and medication.,"Include omega-3 fatty acids, vitamin D, and protein-rich foods in diet to support brain health."
Diabetes,"blurred and distorted vision, excessive hunger, fatigue, increased appetite, irregular sugar level, lethargy, obesity, polyuria, restlessness, weight loss","Metformin, Insulin, Glimepiride","Maintain a balanced diet, Exercise regularly, Monitor blood sugar","Fasting blood glucose, HbA1c, Oral glucose tolerance test",Lifelong,A metabolic disorder causing high blood sugar levels due to insulin resistance or deficiency.,Consult an endocrinologist for glucose level management and treatment.,"Follow a low-carb, high-fiber diet and avoid sugary foods."
Dimorphic hemorrhoids(piles),"bloody stool, constipation, irritation in anus, pain during bowel movements, pain in anal region","Hydrocortisone, Witch Hazel, Diosmin","Eat fiber-rich foods, Stay hydrated, Avoid straining during bowel movements","Physical examination, Anoscopy, Colonoscopy",2-4 weeks,A condition where swollen veins in the rectum or anus cause pain and bleeding.,Consult a proctologist for diagnosis and treatment options.,"Consume high-fiber foods, drink plenty of water, and avoid spicy foods."
Drug Reaction,"burning micturition, skin rash, spotting urination, stomach pain, itching","Diphenhydramine, Cetirizine, Hydrocortisone","Identify and avoid triggering drugs, Seek medical help promptly, Stay hydrated","Blood tests (liver function, kidney function), Skin biopsy","Variable (depends on severity, from days to months)","An adverse reaction to medication, causing allergic symptoms or organ damage.",Seek immediate medical attention for identifying the drug causing reaction.,Maintain hydration and consume anti-inflammatory foods like turmeric and ginger.
Eczema,"itchy, red, inflamed skin, dryness, severe body aches, joint stiffness, redness of eyes","Hydrocortisone, Triamcinolone, Tacrolimus","Avoid irritants, Keep skin moisturized, Take lukewarm showers","Skin examination, Patch test, Blood tests (IgE levels)",Ongoing (flare-ups managed with treatment),"A chronic skin condition causing inflammation, itching, and redness.",Consult a dermatologist for prescription creams and management strategies.,"Include omega-3 fatty acids, vitamin E, and anti-inflammatory foods in diet."
Esophageal Cancer,"difficulty swallowing, chest pain, hoarseness","Paclitaxel, Cisplatin, Fluorouracil","Avoid acidic foods, Eat smaller meals, Quit smoking","Endoscopy, Biopsy, CT scan",6-12 months (with potential for lifelong monitoring),"A cancer affecting the esophagus, causing difficulty in swallowing and chest pain.","Consult an oncologist for chemotherapy, radiation, or surgical options.","Eat soft, nutrient-dense foods, avoid alcohol, and consume antioxidant-rich fruits."
Fibromyalgia,"widespread pain, fatigue, sleep disturbances, cognitive issues, burning sensation, fever, frequent urination","Amitriptyline, Duloxetine, Pregabalin","Practice relaxation techniques, Get enough rest, Exercise regularly","Physical examination, Blood tests (to rule out other conditions), Tender point examination",Ongoing (chronic condition),A chronic disorder causing widespread musculoskeletal pain and fatigue.,Consult a rheumatologist for pain management and therapy.,"Eat anti-inflammatory foods, magnesium-rich foods, and avoid processed foods."
Fungal infection,"dischromic patches, nodal skin eruptions, skin rash, itching","Clotrimazole, Terbinafine, Ketoconazole","Keep skin clean and dry, Avoid sharing personal items, Wear breathable clothing","Skin scraping, KOH test, Fungal culture",2-4 weeks,"A common infection caused by fungi affecting skin, nails, or mucous membranes.",Consult a dermatologist for antifungal treatment and preventive measures.,"Avoid sugar-rich foods, consume probiotics, and maintain hygiene."
Gastritis,"stomach pain, nausea, bloating, loss of appetite, skin rashes, swollen joints, fever","Omeprazole, Ranitidine, Pantoprazole","Avoid spicy foods, Eat smaller meals, Reduce alcohol consumption","Endoscopy, Blood tests (H. pylori antibodies), Stool test",2-4 weeks,"Inflammation of the stomach lining, which can be acute or chronic.",Consult a gastroenterologist for persistent symptoms and necessary tests.,"Eat bland foods, avoid acidic and spicy items, and consume probiotic-rich foods."
Gastroenteritis,"dehydration, diarrhoea, sunken eyes, vomiting","Loperamide, Oral Rehydration Solution, Metronidazole","Stay hydrated, Avoid dairy, Follow good hygiene practices","Stool culture, Blood tests (electrolyte imbalance), Rapid antigen test",1-2 weeks,"Infection or irritation of the stomach and intestines, often caused by viruses or bacteria.",Consult a physician if symptoms persist or dehydration occurs.,"Consume electrolyte-rich fluids, avoid solid foods initially, and eat light meals when recovering."
Gastroesophageal Reflux Disease (GERD),"heartburn, regurgitation, chest pain, intense headaches, nausea, dizziness, fainting","Omeprazole, Esomeprazole, Lansoprazole","Avoid large meals, Don't lie down after eating, Elevate head while sleeping","Endoscopy, pH monitoring, Barium swallow",Ongoing (long-term management),A chronic condition where stomach acid frequently flows back into the esophagus.,Consult a gastroenterologist for medication and lifestyle management.,"Avoid acidic, spicy, and fatty foods, eat smaller meals, and stay upright after eating."
General Fever,"elevated body temperature, shivering, sweating, feeling weak, headache, joint pain, dehydration, feeling unwell, fever, illness","Paracetamol, Ibuprofen, Aspirin","Stay hydrated, Rest, Keep cool","Physical examination, Blood tests (for infection markers), Blood cultures",1-2 weeks,A common response to infection or inflammation in the body.,Consult a general physician if the fever is persistent or very high.,"Drink plenty of fluids, eat light and nutritious foods, and avoid heavy meals."
Generalized Anxiety Disorder,"excessive worry, restlessness, fatigue, muscle tension","Sertraline, Diazepam, Buspirone","Practice mindfulness, Get adequate sleep, Avoid caffeine","Psychological evaluation, Blood tests (Thyroid function)",6-12 months,A mental health condition characterized by chronic anxiety and excessive worry.,Seek help from a psychiatrist or psychologist for therapy and medication.,"Avoid caffeine and alcohol, eat a balanced diet, and practice relaxation techniques."
GERD,"acidity, chest pain, cough, stomach pain, ulcers on tongue, vomiting","Omeprazole, Lansoprazole, Pantoprazole","Avoid acidic foods, Eat smaller meals, Avoid lying down after meals","Endoscopy, pH monitoring, Barium swallow",Ongoing (long-term management),A digestive disorder where stomach acid irritates the esophageal lining.,Consult a gastroenterologist for long-term management.,"Eat alkaline foods, avoid spicy and fatty foods, and consume more fiber."
Heart attack,"breathlessness, chest pain, sweating, vomiting","Aspirin, Clopidogrel, Nitroglycerin","Avoid stress, Exercise regularly, Follow a heart-healthy diet","ECG, Cardiac enzyme tests (troponin), Angiogram","Immediate treatment, followed by lifelong management",A medical emergency where blood flow to the heart is blocked.,Seek immediate emergency medical attention.,Follow a heart-healthy diet with low sodium and saturated fats.
Heart Failure,"shortness of breath, swelling, fatigue, rapid heartbeat, breathing difficulty, joint inflammation, rash","Furosemide, Spironolactone, Lisinopril","Limit salt intake, Monitor fluid retention, Get regular check-ups","Echocardiogram, Chest X-ray, Blood tests (BNP)",Ongoing (chronic condition),A chronic condition where the heart is unable to pump blood effectively.,Consult a cardiologist for ongoing treatment and monitoring.,"Reduce sodium intake, eat potassium-rich foods, and stay hydrated."
Hepatitis A,"abdominal pain, dark urine, diarrhoea, joint pain, loss of appetite, mild fever, muscle pain, nausea, vomiting, yellowing of eyes, yellowish skin","Immunoglobulin, Ribavirin, Interferon","Avoid contaminated food, Wash hands regularly, Get vaccinated","Liver function tests, Hepatitis A antibody test, Ultrasound",6-8 weeks,A viral liver infection causing inflammation and jaundice.,Consult a hepatologist for monitoring and treatment.,"Eat a liver-friendly diet, avoid alcohol, and consume antioxidant-rich foods."
Hepatitis A/B/C,"jaundice, fatigue, abdominal pain, dark urine, nausea, loss of appetite, fever, nausea, clay-colored stool","Interferon, Ribavirin, Lamivudine","Avoid alcohol, Practice safe sex, Get vaccinated","Liver function tests, Hepatitis A, B, and C antibody tests, Ultrasound","Variable (depends on type and severity, from months to lifelong)",Inflammatory conditions of the liver caused by different viruses.,Consult a hepatologist for type-specific treatment.,"Follow a liver-friendly diet, avoid processed foods, and stay hydrated."
Hepatitis B,"abdominal pain, dark urine, fatigue, lethargy, loss of appetite, malaise, receiving blood transfusion, receiving unsterile injections, yellow urine, yellowing of eyes, yellowish skin, itching","Tenofovir, Entecavir, Lamivudine","Avoid sharing needles, Regular liver check-ups, Avoid alcohol","Hepatitis B surface antigen test, Liver function tests, HBV DNA test",Ongoing (lifelong treatment may be needed),"Hepatitis B is a serious liver infection caused by the hepatitis B virus (HBV), which can become chronic and lead to liver disease or cancer.",Consult a hepatologist for regular liver function monitoring and antiviral therapy if needed.,"Maintain a balanced diet with lean proteins, whole grains, and plenty of fruits and vegetables while avoiding alcohol and high-fat foods."
Hepatitis C,"family history, fatigue, loss of appetite, nausea, yellowing of eyes, yellowish skin","Sofosbuvir, Ledipasvir, Ribavirin","Avoid alcohol, Get vaccinated, Regular monitoring of liver health","HCV RNA test, Hepatitis C antibody test, Liver biopsy",Ongoing (lifelong treatment in some cases),"Hepatitis C is a viral infection that causes liver inflammation, sometimes leading to serious liver damage.",Consult a specialist to discuss antiviral therapy and monitor liver health regularly.,"Eat a healthy diet rich in antioxidants and lean proteins while avoiding processed foods, alcohol, and excessive fats."
Hepatitis D,"abdominal pain, dark urine, fatigue, joint pain, loss of appetite, nausea, vomiting, yellowing of eyes, yellowish skin","Interferon, Ribavirin, Lamivudine","Avoid alcohol, Maintain a healthy lifestyle, Get vaccinated","HDV RNA test, Hepatitis D antibody test, Liver function tests",Variable (from months to lifelong treatment),Hepatitis D is a liver disease caused by the hepatitis D virus (HDV) and only occurs in those infected with hepatitis B.,Consult with a hepatologist for combination antiviral treatments and regular liver function tests.,Focus on a nutrient-dense diet with adequate hydration and avoid hepatotoxic substances like alcohol.
Hepatitis E,"abdominal pain, acute liver failure, coma, dark urine, fatigue, high fever, joint pain, loss of appetite, nausea, stomach bleeding, vomiting, yellowing of eyes, yellowish skin","Ribavirin, Interferon, Vitamin K","Avoid contaminated water, Maintain proper hygiene, Avoid undercooked food","Hepatitis E antibody test, Liver function tests, Ultrasound",4-6 weeks,"Hepatitis E is a liver disease caused by the hepatitis E virus (HEV), primarily transmitted through contaminated water.",Seek immediate medical attention if symptoms worsen and focus on supportive care.,"Eat easily digestible foods like boiled vegetables, lean protein, and whole grains while avoiding fatty and fried foods."
HIV/AIDS,"fatigue, fever, swollen lymph nodes, weight loss, recurrent infections, night sweats, chronic diarrhea, mouth ulcers","Zidovudine, Lamivudine, Efavirenz","Practice safe sex, Regular medical check-ups, Avoid sharing needles","HIV antibody test, HIV RNA test, CD4 count",Lifelong treatment,"HIV/AIDS is a chronic, potentially life-threatening condition caused by the human immunodeficiency virus (HIV) that damages the immune system.",Regular follow-ups with an infectious disease specialist for antiretroviral therapy and immune system monitoring.,"Consume a balanced diet rich in vitamins, minerals, and lean proteins while avoiding processed foods and maintaining hydration."
Hypertension,"chest pain, dizziness, headache, lack of concentration, loss of balance","Amlodipine, Losartan, Lisinopril","Reduce salt intake, Exercise regularly, Avoid stress","Blood pressure measurement, Electrocardiogram (ECG), Blood tests (kidney function)",Ongoing (lifelong management),"Hypertension is a chronic condition characterized by high blood pressure, increasing the risk of heart disease and stroke.",Consult a cardiologist for blood pressure management and lifestyle modification strategies.,"Follow a DASH diet rich in fruits, vegetables, and whole grains while reducing sodium and processed food intake."
Hyperthyroidism,"abnormal menstruation, diarrhoea, excessive hunger, fast heart rate, fatigue, irritability, mood swings, muscle weakness, restlessness, sweating, weight loss","Methimazole, Propylthiouracil, Beta-blockers","Monitor thyroid levels, Avoid excessive iodine, Reduce stress","Blood tests (TSH, Free T4, Free T3), Ultrasound, Radioactive iodine uptake test",Variable (from months to lifelong management),"Hyperthyroidism is a condition in which the thyroid gland produces excessive hormones, speeding up metabolism.",Consult an endocrinologist for hormone level monitoring and potential medication adjustments.,Consume a balanced diet with sufficient protein and calcium while avoiding excess iodine and caffeine.
Hypoglycemia,"anxiety, blurred and distorted vision, drying and tingling lips, excessive hunger, fatigue, headache, irritability, nausea, palpitations, slurred speech, sweating, vomiting","Glucose, Glucagon, Dextrose","Monitor blood sugar, Eat small meals frequently, Avoid alcohol","Blood glucose test, Continuous glucose monitoring, Urine test (ketones)",Variable (acute episodes managed with glucose),"Hypoglycemia is a condition where blood sugar levels drop too low, leading to symptoms like dizziness and confusion.",Consult a healthcare provider to adjust diet and medication for proper blood sugar management.,"Consume complex carbohydrates, lean proteins, and healthy fats while avoiding sugary snacks and alcohol."
Hypothyroidism,"abnormal menstruation, brittle nails, cold hands and feet, depression, dizziness, enlarged thyroid, fatigue, irritability, lethargy, mood swings, puffy face and eyes, swollen extremities, weight gain","Levothyroxine, Liothyronine, Iodine supplements","Take medications as prescribed, Monitor thyroid function, Avoid stress","Blood tests (TSH, Free T4, Free T3), Ultrasound, Radioactive iodine test",Lifelong treatment,"Hypothyroidism is a condition where the thyroid gland produces insufficient hormones, slowing metabolism.",Consult an endocrinologist for regular thyroid level monitoring and medication adjustments.,Eat a balanced diet with selenium and zinc-rich foods while avoiding goitrogens like soy and raw cruciferous vegetables.
Impetigo,"blister, high fever, red sore around nose, skin rash, yellow crust ooze","Mupirocin, Retapamulin, Bacitracin","Keep skin clean and dry, Avoid scratching, Use prescribed ointments","Skin examination, Bacterial culture (to confirm infection)",1-2 weeks,A contagious bacterial skin infection causing red sores that can ooze and form yellow crusts.,"Consult a dermatologist if symptoms worsen or spread rapidly, especially in children.",Increase intake of vitamin C and zinc to support skin healing; maintain proper hydration.
Influenza,"fever, cough, sore throat, fatigue, body aches, chills, congestion","Oseltamivir, Zanamivir, Paracetamol","Get vaccinated, Avoid close contact with sick individuals, Rest and hydrate","Rapid influenza diagnostic tests (RIDT), PCR test, Nasal swab",1-2 weeks,"A viral infection affecting the respiratory system, causing fever, chills, and fatigue.",Seek medical advice if breathing difficulties arise or fever persists beyond a few days.,"Consume warm fluids, herbal teas, and foods rich in vitamin C and antioxidants."
Irritable Bowel Syndrome (IBS),"abdominal pain, diarrhea/constipation, bloating, high fever, confusion, seizures, sensitivity to light","Loperamide, Fiber supplements, Dicyclomine","Avoid trigger foods, Eat smaller meals, Manage stress","Stool test, Colonoscopy, Hydrogen breath test",Ongoing (chronic management),A chronic gastrointestinal disorder characterized by abdominal discomfort and altered bowel habits.,Consult a gastroenterologist if symptoms significantly impact daily life.,"Follow a low-FODMAP diet, increase fiber intake, and avoid caffeine and alcohol."
Jaundice,"abdominal pain, dark urine, fatigue, high fever, vomiting, weight loss, yellowish skin, itching","Ursodeoxycholic acid, Prednisolone, Ribavirin","Avoid alcohol, Drink plenty of water, Avoid fatty foods","Liver function tests, Bilirubin test, Ultrasound","Variable (depends on cause, from weeks to ongoing)",A condition characterized by yellowing of the skin and eyes due to excess bilirubin in the blood.,Consult a hepatologist if jaundice persists or is accompanied by severe pain or rapid weight loss.,"Consume liver-friendly foods like leafy greens, turmeric, and foods rich in antioxidants."
Kidney Stones,"severe back pain, blood in urine, nausea, frequent urination","Tamsulosin, Ibuprofen, Alfacalcidol","Stay hydrated, Avoid high-oxalate foods, Maintain a healthy diet","Urine test, CT scan, X-ray","1-2 weeks for passing stones, ongoing prevention",Hard deposits of minerals and salts that form in the kidneys and can cause severe pain.,Seek a urologist if pain is unbearable or stones do not pass within a few weeks.,"Drink plenty of water, reduce sodium intake, and avoid excessive calcium-rich foods."
Leukemia,"fatigue, frequent infections, easy bruising, sharp pelvic pain, pain during intercourse, diarrhea","Methotrexate, Vincristine, Doxorubicin","Avoid infections, Get regular blood tests, Eat a balanced diet","Blood tests (CBC, bone marrow biopsy), Imaging tests (CT scan)","Ongoing (depends on type, from months to lifelong management)",A cancer of the blood and bone marrow that affects the production of white blood cells.,Consult an oncologist for appropriate treatment plans and regular monitoring.,"Increase protein intake, eat iron-rich foods, and maintain proper hydration."
Liver Cancer,"abdominal swelling, jaundice, fatigue","Sorafenib, Lenvatinib, Cisplatin","Avoid alcohol, Regular screenings, Maintain a healthy diet","Ultrasound, CT scan, Liver biopsy","Variable (depends on stage, from months to lifelong)","A type of cancer affecting liver cells, often linked to hepatitis infections or cirrhosis.",Seek immediate medical consultation with an oncologist if symptoms worsen.,"Adopt a Mediterranean diet, avoid processed foods, and consume healthy fats."
Lung Cancer,"persistent cough, chest pain, weight loss, shortness of breath, severe itching, yellowish skin, loss of appetite","Cisplatin, Paclitaxel, Erlotinib","Avoid smoking, Practice good air quality, Regular health check-ups","Chest X-ray, CT scan, Biopsy","Variable (depends on stage, from months to lifelong)","A type of cancer that starts in the lungs, commonly associated with smoking or pollution.",Consult a pulmonologist or oncologist if persistent cough or weight loss occurs.,"Consume foods rich in antioxidants, maintain hydration, and avoid processed meats."
Malaria,"chills, diarrhoea, headache, high fever, muscle pain, nausea, sweating, vomiting","Chloroquine, Artemisinin, Quinine","Use mosquito repellents, Sleep under nets, Stay in air-conditioned rooms","Blood test (thick and thin smear), Rapid diagnostic test (RDT), PCR test",1-2 weeks,"A mosquito-borne infectious disease caused by Plasmodium parasites, leading to fever and chills.",Seek a travel medicine specialist if traveling to endemic regions.,"Stay hydrated, consume foods rich in vitamin B and iron to aid recovery."
Measles,"fever, cough, runny nose, red eyes, rash starting on the face, high fever, rapid breathing, chest pain","Vitamin A, Paracetamol, Diphenhydramine","Get vaccinated, Avoid close contact with infected individuals, Maintain good hygiene","Clinical diagnosis, Blood tests (measles IgM), PCR test",1-2 weeks,"A highly contagious viral disease causing fever, cough, and a distinct rash.",Consult a pediatrician or infectious disease specialist if complications arise.,"Increase vitamin A intake, consume easily digestible foods, and stay hydrated."
Migraine,"headache, acidity, blurred and distorted vision, depression, excessive hunger, headache, indigestion, irritability, stiff neck, visual disturbances","Sumatriptan, Ibuprofen, Amitriptyline","Avoid triggers, Get adequate rest, Stay hydrated","MRI, CT scan, Blood tests (to rule out other causes)",Variable (episodic treatment with acute management),A neurological condition causing severe headaches and sensory disturbances.,Consult a neurologist if headaches are frequent or severely impact daily life.,"Maintain a diet rich in magnesium, avoid caffeine and alcohol."
Obsessive-Compulsive Disorder (OCD),"intrusive thoughts, compulsive behaviors, anxiety","Fluoxetine, Clomipramine, Sertraline","Seek therapy, Practice relaxation techniques, Avoid stress","Psychological evaluation, Self-reported questionnaires, Brain imaging (in some cases)",Ongoing (lifelong treatment may be required),"A mental health disorder characterized by persistent, unwanted thoughts and repetitive behaviors.",Seek psychiatric consultation if compulsions interfere with daily activities.,Follow a balanced diet to support brain function; avoid excessive caffeine.
Osteoarthritis,"joint pain, stiffness, reduced flexibility, swelling, urine discoloration, severe abdominal pain, vomiting","Paracetamol, Ibuprofen, Diclofenac","Maintain a healthy weight, Exercise regularly, Avoid heavy lifting","X-ray, MRI, Joint aspiration (for fluid analysis)",Ongoing (symptom management),A degenerative joint disease leading to pain and stiffness.,Consult an orthopedic specialist if pain persists or mobility is affected.,"Consume anti-inflammatory foods like fatty fish, turmeric, and green leafy vegetables."
Osteoporosis,"fragile bones, back pain, loss of height, fractures, blood in urine, sharp back pain, nausea","Calcium, Alendronate, Risedronate","Get regular bone density tests, Eat calcium-rich foods, Avoid smoking","Bone mineral density (BMD) test, X-ray, CT scan",Ongoing (long-term management),A condition where bones become weak and brittle.,Seek an endocrinologist for long-term bone health management.,Increase calcium and vitamin D intake; avoid excessive caffeine and alcohol.
Pancreatic Cancer,"jaundice, weight loss, back pain","Gemcitabine, Nab-paclitaxel, Erlotinib","Avoid alcohol, Maintain a healthy diet, Get regular check-ups","CT scan, MRI, Endoscopic ultrasound, CA 19-9 blood test","Ongoing (depends on stage, from months to years)",A type of cancer that begins in the pancreas and spreads aggressively.,Consult an oncologist if unexplained weight loss or jaundice occurs.,"Follow a high-antioxidant, low-fat diet with plenty of fruits and vegetables."
brain hemorrhage,"altered sensorium, headache, vomiting, weakness of one body side","Mannitol, Dexamethasone, Warfarin","Get medical help immediately, Stay calm, Monitor vitals","CT scan, MRI, Blood tests (coagulation profile)","Variable (depends on recovery process, from weeks to lifelong)",Loss of muscle function due to brain damage from a hemorrhage.,Seek emergency medical care if sudden weakness or loss of function occurs.,Consume foods rich in omega-3s and antioxidants to support brain health.
Peptic ulcer disease,"abdominal pain, indigestion, internal itching, loss of appetite, passage of gases, vomiting","Omeprazole, Ranitidine, Sucralfate","Avoid spicy foods, Eat smaller meals, Take medications as prescribed","Endoscopy, H. pylori test, Barium swallow",1-2 months (acute management),A condition where sores develop on the lining of the stomach or small intestine.,Consult a gastroenterologist if symptoms persist despite treatment.,"Eat probiotic-rich foods, avoid acidic and spicy foods."
Pneumonia,"breathlessness, chest pain, chills, cough, fast heart rate, fatigue, high fever, malaise, phlegm, rusty sputum, sweating","Amoxicillin, Azithromycin, Levofloxacin","Get vaccinated, Avoid smoking, Rest and hydrate","Chest X-ray, Blood culture, Sputum culture",2-4 weeks (depends on severity),"An infection that inflames air sacs in one or both lungs, causing difficulty in breathing.",Seek immediate medical attention if breathing difficulties worsen.,"Consume warm fluids, include vitamin C-rich foods in the diet."
Polycystic Ovary Syndrome (PCOS),"irregular periods, acne, weight gain, infertility, tremors, slow movements, rigid muscles, poor balance","Metformin, Clomiphene, Spironolactone","Maintain a healthy weight, Exercise regularly, Monitor hormone levels","Blood tests (hormones), Ultrasound, Glucose tolerance test",Ongoing (long-term management),A hormonal disorder causing enlarged ovaries with small cysts.,Consult a gynecologist for hormone management and fertility planning.,"Follow a low-carb, high-fiber diet; avoid processed sugars."
Prostate Cancer,"urinary issues, pelvic pain, blood in urine, unexplained fatigue, weight changes, mood swings","Finasteride, Dutasteride, Leuprolide","Get regular screenings, Avoid alcohol, Maintain a healthy diet","PSA blood test, Digital rectal exam (DRE), Biopsy","Variable (depends on stage, from months to years)","A cancer affecting the prostate gland, common in older men.",Consult a urologist or oncologist for early detection and treatment options.,"Eat a diet rich in tomatoes, cruciferous vegetables, and healthy fats."
Psoriasis,"inflammatory nails, joint pain, silver like dusting, skin peeling, skin rash, small dents in nails","Methotrexate, Calcipotriene, Adalimumab","Avoid triggers, Use moisturizers, Practice stress management","Skin biopsy, Blood tests (for inflammation)",Ongoing (chronic management),A chronic autoimmune condition that causes rapid skin cell turnover leading to scaling and inflammation.,Consult a dermatologist for appropriate treatment and monitoring.,"Consume anti-inflammatory foods such as fish, nuts, and leafy greens."
Rheumatoid Arthritis,"joint pain, swelling, stiffness, fatigue, fever, redness, itching, difficulty swallowing","Methotrexate, Sulfasalazine, Hydroxychloroquine","Get regular check-ups, Avoid smoking, Exercise regularly","Blood tests (rheumatoid factor, anti-CCP), X-ray, Ultrasound",Ongoing (lifelong management),An autoimmune disorder causing joint inflammation and damage.,Seek rheumatologist consultation for long-term joint health management.,Eat omega-3-rich foods and avoid processed sugars.
Rickets,"bone pain, delayed growth, skeletal deformities","Vitamin D, Calcium, Phosphate","Get adequate sunlight, Eat a balanced diet, Get regular bone check-ups","Blood tests (vitamin D, calcium, phosphate), X-ray",3-6 months (depends on severity),A disease caused by vitamin D deficiency leading to weakened bones.,Pediatric or endocrinology consultation for growth monitoring and supplementation.,"Include dairy products, fish, and fortified cereals in the diet."
Rosacea,"facial redness, swelling, visible blood vessels, difficulty swallowing, chest tightness, coughing blood","Metronidazole, Azelaic acid, Doxycycline","Avoid triggers like heat and stress, Use gentle skincare products, Wear sunscreen","Skin examination, Blood tests (inflammatory markers)",Ongoing (long-term management),A chronic skin condition causing redness and visible blood vessels on the face.,Consult a dermatologist if persistent redness or flare-ups occur.,"Avoid spicy foods, alcohol, and caffeine."
Schizophrenia,"hallucinations, delusions, disorganized speech","Olanzapine, Risperidone, Quetiapine","Seek therapy, Avoid stress, Stay consistent with medication","Psychological evaluation, MRI, CT scan",Ongoing (lifelong treatment),"A severe mental disorder affecting thoughts, emotions, and behavior.",Regular psychiatric consultation is crucial for medication and therapy.,Maintain a well-balanced diet with omega-3 fatty acids and antioxidants.
Skin Cancer,"new moles, skin changes, bleeding lesions, inability to focus, social withdrawal, restlessness","Imiquimod, Doxorubicin, Methotrexate","Wear sunscreen, Avoid tanning beds, Regular skin check-ups","Skin biopsy, Dermoscopy, MRI","Variable (depends on stage, from months to years)","Abnormal growth of skin cells, often due to UV exposure.",Dermatologist consultation for early detection and treatment.,Eat antioxidant-rich foods like berries and leafy greens.
Sleep Apnea,"loud snoring, gasping during sleep, daytime fatigue, severe dehydration, vomiting, lethargy","CPAP machine, Modafinil, Theophylline","Use a CPAP machine, Avoid alcohol, Sleep on your side","Polysomnography (sleep study), Home sleep apnea test (HSAT)",Ongoing (lifelong management),A sleep disorder where breathing repeatedly stops and starts.,Consult a sleep specialist for management and therapy.,Avoid heavy meals before bedtime and reduce caffeine intake.
Stomach Cancer,"bloating, nausea, weight loss, stomach pain","Cisplatin, Fluorouracil, Docetaxel","Avoid smoking, Limit alcohol intake, Eat a healthy diet","Endoscopy, Biopsy, CT scan","Variable (depends on stage, from months to years)",A cancer that forms in the stomach lining.,Gastroenterology consultation for early detection and treatment.,"Follow a diet high in fiber and antioxidants, avoid processed foods."
Stroke,"sudden numbness, confusion, vision problems, difficulty speaking, persistent fatigue, muscle stiffness, tremors","Aspirin, Clopidogrel, Alteplase","Avoid smoking, Manage blood pressure, Get regular exercise","CT scan, MRI, Carotid ultrasound","Variable (depends on recovery, from weeks to lifelong)",A medical emergency where blood flow to the brain is disrupted.,Seek immediate emergency medical care if symptoms appear.,"Consume heart-healthy foods such as whole grains, fruits, and vegetables."
Tuberculosis,"blood in sputum, breathlessness, chest pain, chills, cough, fatigue, high fever, loss of appetite, malaise, mild fever, phlegm, sweating, swelled lymph nodes, vomiting, weight loss, yellowing of eyes","Isoniazid, Rifampicin, Pyrazinamide","Get vaccinated, Avoid close contact with infected individuals, Regular medical check-ups","Tuberculin skin test (TST), Chest X-ray, Sputum smear microscopy",6-9 months (long-term treatment),A bacterial infection that primarily affects the lungs.,Pulmonology consultation for appropriate treatment and monitoring.,Maintain a protein-rich diet with adequate vitamins and minerals.
Typhoid,"abdominal pain, belly pain, chills, constipation, diarrhoea, fatigue, headache, high fever, nausea, toxic look (typhos), vomiting","Ciprofloxacin, Azithromycin, Chloramphenicol","Drink clean water, Avoid uncooked food, Maintain good hygiene","Blood culture, Widal test, Stool culture",1-2 weeks (acute treatment),"A bacterial infection caused by Salmonella Typhi, primarily spread through contaminated food and water.",Seek medical help if high fever persists for more than a few days or symptoms worsen. Consult a general physician or infectious disease specialist.,"Consume a soft, high-calorie diet with fluids. Avoid spicy and fried foods. Increase intake of boiled vegetables and fresh fruits."
Ulcerative Colitis,"abdominal pain, rectal bleeding, diarrhea, recurrent infections, slow wound healing, dizziness","Mesalamine, Prednisolone, Azathioprine","Avoid high-fat foods, Stress management, Take prescribed medication","Colonoscopy, Blood tests (inflammation markers), Stool sample",Ongoing (long-term management),A chronic inflammatory bowel disease (IBD) causing inflammation and ulcers in the digestive tract.,Consult a gastroenterologist if symptoms persist or worsen. Regular follow-ups are necessary for long-term management.,"Follow a low-fiber, low-fat diet during flare-ups. Eat easily digestible foods like cooked vegetables, lean proteins, and probiotics."
Urinary Tract Infection,"bladder discomfort, burning micturition, continuous feel of urine, foul smell of urine","Nitrofurantoin, Trimethoprim, Cephalexin","Stay hydrated, Avoid holding urine, Practice good hygiene","Urine culture, Urinalysis, Blood tests (if needed)",1-2 weeks (acute treatment),"A bacterial infection affecting the urinary system, including the bladder and urethra.","Consult a general physician if experiencing painful urination, frequent urination, or cloudy urine.","Drink plenty of water and cranberry juice. Avoid caffeine, alcohol, and spicy foods to prevent irritation."
Urinary Tract Infection (UTI),"frequent urination, burning sensation, cloudy urine","Ciprofloxacin, Amoxicillin, Nitrofurantoin","Drink plenty of water, Avoid tight clothing, Wipe front to back","Urine culture, Urinalysis, Blood tests (if needed)",1-2 weeks (acute treatment),"A common bacterial infection affecting the urinary tract, leading to discomfort and frequent urination.",Seek medical attention if symptoms persist for more than a few days. A urologist or general physician can diagnose and treat UTIs.,Increase water intake and consume probiotic-rich foods like yogurt. Avoid acidic and spicy foods.
Varicose veins,"bruising, cramps, fatigue, obesity, prominent veins on calf, swollen blood vessels, swollen legs","Compression stockings, Diosmin, Pentoxifylline","Elevate legs, Avoid prolonged standing, Exercise regularly","Ultrasound, Doppler test, Physical examination",Ongoing (symptom management),"Enlarged, twisted veins caused by weakened vein walls and valves, often in the legs.","Consult a vascular specialist if swelling, pain, or skin changes occur.",Consume high-fiber foods and stay hydrated. Include foods rich in flavonoids like berries and citrus fruits.
Vitiligo,"white patches of skin, loss of pigment, persistent bloating, nausea, irregular periods","Clobetasol, Tacrolimus, Methotrexate","Protect skin from sun, Avoid stress, Seek medical advice regularly","Physical examination, Skin biopsy, Blood tests (for autoimmune conditions)",Ongoing (long-term management),A skin condition causing loss of pigmentation due to immune system attack on melanocytes.,Consult a dermatologist for early treatment and to prevent further spread of white patches.,"Eat antioxidant-rich foods like fruits, vegetables, and whole grains. Avoid processed foods and gluten if sensitive."
Whooping Cough (Pertussis),"severe coughing fits, vomiting, fatigue","Azithromycin, Erythromycin, Clarithromycin","Get vaccinated, Avoid close contact with infected individuals, Cover mouth while coughing","PCR test, Nasal swab, Blood test (for antibodies)",1-2 weeks (acute treatment),A highly contagious bacterial infection that causes severe coughing fits.,Seek medical help if coughing fits persist or breathing difficulty occurs. Pediatricians or general physicians can provide treatment.,Stay hydrated with warm fluids like herbal teas and broths. Avoid dairy if it worsens mucus production.
Common Cold,"sneezing, runny nose, sore throat, mild fever","Paracetamol, Ibuprofen, Diphenhydramine","Rest, Drink plenty of fluids, Avoid close contact with sick individuals","Physical examination, PCR test (if needed), Rapid antigen test",3-7 days (self-limiting),A viral respiratory infection causing mild symptoms like sneezing and sore throat.,Consult a doctor if symptoms last longer than 10 days or if breathing difficulties arise.,"Consume warm fluids, honey, and citrus fruits for vitamin C. Avoid cold drinks and junk food."
Flu (Influenza),"fever, chills, body aches, fatigue, sore throat","Oseltamivir, Zanamivir, Paracetamol","Get vaccinated, Avoid close contact with sick individuals, Wash hands regularly","PCR test, Rapid antigen test, Chest X-ray (if complications occur)",7-14 days (acute treatment),"A contagious viral infection causing fever, chills, and body aches.",Visit a doctor if fever is persistent or if breathing problems occur. High-risk individuals should seek early treatment.,"Increase fluid intake and consume nutrient-rich foods like chicken soup, citrus fruits, and garlic. Avoid processed foods."
Hypertension,"headache, dizziness, blurred vision, chest pain","Lisinopril, Amlodipine, Losartan","Monitor blood pressure, Reduce salt intake, Exercise regularly","Blood pressure measurement, Blood tests (kidney function), ECG",Ongoing (lifelong management),A chronic condition where high blood pressure increases the risk of heart disease and stroke.,Consult a cardiologist or general physician for regular monitoring and medication adjustments.,"Follow a low-sodium, high-potassium diet. Eat leafy greens, berries, and whole grains. Avoid processed and salty foods."
Diabetes,"excessive thirst, frequent urination, fatigue, weight loss","Metformin, Glibenclamide, Insulin","Monitor blood sugar, Eat a balanced diet, Exercise regularly","Fasting blood glucose, HbA1c, Urine tests (for ketones)",Ongoing (lifelong management),A chronic metabolic disorder characterized by high blood sugar levels due to insulin deficiency or resistance.,Consult an endocrinologist or general physician for regular monitoring and medication adjustments.,"Follow a low-glycemic diet rich in whole grains, lean proteins, and fiber. Avoid sugary and processed foods."
Food Poisoning,"nausea, vomiting, diarrhea, abdominal pain","Loperamide, Oral rehydration salts, Ciprofloxacin","Drink clean water, Avoid contaminated food, Rest and hydrate","Stool culture, Blood tests (if dehydration is severe), PCR test (if bacterial)",1-2 days (acute treatment),"An illness caused by consuming contaminated food or water, leading to gastrointestinal distress.",Seek medical attention if symptoms persist for more than 48 hours or if dehydration occurs.,"Consume bland foods like rice, bananas, and toast. Avoid dairy and fatty foods until recovery."
Headache,"pain in head, sensitivity to light, nausea","Ibuprofen, Acetaminophen, Sumatriptan","Rest in a quiet, dark room, Stay hydrated, Avoid stress","MRI, CT scan, Blood tests (if symptoms persist)",Variable (episodic treatment),"A common condition with various causes, including tension, migraines, or underlying health issues.",Consult a neurologist or general physician if headaches are frequent or severe.,"Stay hydrated, avoid caffeine overuse, and maintain a balanced diet. Magnesium-rich foods may help."
Fever,"high body temperature, sweating, shivering, weakness","Paracetamol, Ibuprofen, Aspirin","Stay hydrated, Rest, Avoid overheating","Blood tests (to identify the cause), Urine test, Chest X-ray (if pneumonia suspected)",3-7 days (self-limiting),A temporary rise in body temperature often due to infections or inflammation.,Consult a doctor if fever persists beyond three days or is accompanied by severe symptoms.,"Drink plenty of fluids like herbal teas and broths. Eat light, easily digestible foods."
Indigestion,"bloating, nausea, stomach pain, heartburn","Omeprazole, Ranitidine, Antacids","Avoid spicy foods, Eat smaller meals, Avoid late-night eating","Endoscopy, Blood tests (for H. pylori), Stool test",1-2 weeks (acute treatment),"A common digestive issue caused by overeating, stress, or underlying conditions like acid reflux.",Consult a gastroenterologist if symptoms persist or worsen.,"Eat fiber-rich foods, avoid greasy and spicy meals, and chew food thoroughly. Include probiotics in diet."
Viral fever,"fever, headache, cold, cough, body aches","Paracetamol, Ibuprofen, Amoxicillin","Rest, Drink plenty of fluids, Avoid contact with others","Blood tests (for viral infection), Physical examination",7-14 days (acute treatment),"A fever caused by viral infections, often accompanied by respiratory or body aches.","Consult a general physician initially. If complications develop, an infectious disease specialist may be needed.",Stay hydrated with herbal teas and soups. Consume vitamin C-rich foods like citrus fruits and leafy greens.
